track_name,artist,album_name,release_date,popularity,duration_min
Goo Goo Muck,The Cramps,Psychedelic Jungle,1981-01-01,67,3.100633333333333
"What Is Love - 7"" Mix",Haddaway,What Is Love,1992-01-18,66,4.506216666666667
Wannabe,Spice Girls,Spice,1996-01-01,82,2.883766666666667
Roses Are Red - Original Version,Aqua,Aquarium (Special Edition),1997-01-01,60,3.76555
Lollipop (Candyman),Aqua,Aquarium (Special Edition),1997-01-01,61,3.6104333333333334
Doctor Jones,Aqua,Aquarium (Special Edition),1997-01-01,67,3.3906666666666667
Barbie Girl,Aqua,Aquarium (Special Edition),1997-01-01,77,3.2993333333333332
As Long as You Love Me,Backstreet Boys,Backstreet's Back,1997-10-09,0,3.6851
Enjoy the Silence,Depeche Mode,The Singles 86-98,1998-09-28,75,4.2522166666666665
It's My Life,Bon Jovi,Crush,2000-01-01,82,3.74155
Oops!...I Did It Again,Britney Spears,Oops!... I Did It Again,2000-05-16,83,3.5193333333333334
Stan,Eminem,The Marshall Mathers LP,2000-05-23,82,6.7351
Yellow,Coldplay,Parachutes,2000-07-10,92,4.4462166666666665
"Whenever, Wherever",Shakira,Laundry Service,2001-11-13,79,3.2693333333333334
Sing For The Moment,Eminem,The Eminem Show,2002-05-26,78,5.6591
Without Me,Eminem,The Eminem Show,2002-05-26,89,4.838666666666667
Sk8er Boi,Avril Lavigne,Let Go,2002-06-04,80,3.4
Complicated,Avril Lavigne,Let Go,2002-06-04,85,4.0751
Beautiful,Christina Aguilera,Stripped,2002-07-19,70,3.976
Cry Me a River,Justin Timberlake,Justified,2002-11-04,78,4.80555
Bring Me To Life,Evanescence,Fallen,2003-01-01,8,3.93155
Angel of Darkness - Video Mix,Alex C.,Angel of Darkness,2003-01-01,59,3.5851
Bring Me To Life,Evanescence,Fallen,2003-03-04,88,3.93155
Dangerously In Love,Beyoncé,Dangerously In Love,2003-06-24,61,4.88555
Remember When,Alan Jackson,Greatest Hits Volume II,2003-10-09,55,4.51
Let Me Love You,Mario,Turning Point,2004-03-15,77,4.152
Butterflies and Hurricanes,Muse,Absolution,2004-03-23,1,5.028883333333333
Gasolina,Daddy Yankee,Barrio Fino (Bonus Track Version),2004-07-13,56,3.21
Mockingbird,Eminem,Encore (Deluxe Version),2004-11-12,87,4.179333333333333
Don't Phunk With My Heart,Black Eyed Peas,Monkey Business (International Version),2005-01-01,0,3.9962166666666668
Buttons,The Pussycat Dolls,PCD Tour Edition (International Tour Edition),2005-01-01,0,3.759333333333333
My Humps,Black Eyed Peas,Monkey Business (International Version),2005-01-01,0,5.449333333333334
Beep,The Pussycat Dolls,PCD,2005-01-01,61,3.8226666666666667
Galvanize,The Chemical Brothers,Push The Button,2005-01-01,69,6.56355
You're Beautiful,James Blunt,Back to Bedlam,2005-08-08,79,3.49155
Hips Don't Lie (feat. Wyclef Jean),Shakira,"Oral Fixation, Vol. 2 (Expanded Edition)",2005-11-28,88,3.6348833333333332
So Sick,Ne-Yo,In My Own Words,2006-01-01,81,3.4531
Six Days - Remix,DJ Shadow,The Fast And The Furious: Tokyo Drift (Original Motion Picture Soundtrack),2006-06-20,73,3.8666666666666667
Summer Love,Justin Timberlake,FutureSex/LoveSounds,2006-09-12,71,4.216216666666667
What Goes Around.../...Comes Around (Interlude),Justin Timberlake,FutureSex/LoveSounds,2006-09-12,77,7.476216666666667
Teardrops on My Guitar - Pop Version,Taylor Swift,Taylor Swift (Deluxe Edition),2006-10-24,55,2.9844333333333335
Apologize,Timbaland,Dreaming Out Loud (International Version),2007-01-01,0,3.080433333333333
Umbrella,Rihanna,Good Girl Gone Bad: Reloaded,2007-03-31,68,4.599766666666667
Apologize,Timbaland,Shock Value,2007-04-02,77,3.0733333333333333
When You're Gone,Avril Lavigne,The Best Damn Thing,2007-04-13,0,4.008216666666667
Girlfriend - The Submarines' Time Warp '66 Mix - English,Avril Lavigne,The Best Damn Thing (Expanded Edition),2007-04-17,34,3.18
I Can Do Better - Acoustic Version,Avril Lavigne,The Best Damn Thing (Expanded Edition),2007-04-17,37,3.652433333333333
Alone,Avril Lavigne,The Best Damn Thing (Expanded Edition),2007-04-17,42,3.228666666666667
I Don't Have To Try,Avril Lavigne,The Best Damn Thing (Expanded Edition),2007-04-17,43,3.2877666666666667
Contagious,Avril Lavigne,The Best Damn Thing (Expanded Edition),2007-04-17,45,2.1510833333333332
One of Those Girls,Avril Lavigne,The Best Damn Thing (Expanded Edition),2007-04-17,45,2.9248833333333333
Everything Back But You,Avril Lavigne,The Best Damn Thing (Expanded Edition),2007-04-17,46,3.0351
I Can Do Better,Avril Lavigne,The Best Damn Thing (Expanded Edition),2007-04-17,49,3.2551
Runaway,Avril Lavigne,The Best Damn Thing (Expanded Edition),2007-04-17,49,3.7988833333333334
Girlfriend (feat. Lil Mama) - Dr. Luke Mix,Avril Lavigne,The Best Damn Thing (Expanded Edition),2007-04-17,50,3.414433333333333
I Will Be,Avril Lavigne,The Best Damn Thing (Expanded Edition),2007-04-17,51,3.994883333333333
The Best Damn Thing,Avril Lavigne,The Best Damn Thing (Expanded Edition),2007-04-17,56,3.1533333333333333
Innocence,Avril Lavigne,The Best Damn Thing (Expanded Edition),2007-04-17,58,3.87
Hot,Avril Lavigne,The Best Damn Thing (Expanded Edition),2007-04-17,63,3.3828833333333335
Keep Holding On,Avril Lavigne,The Best Damn Thing (Expanded Edition),2007-04-17,65,3.9984333333333333
When You're Gone,Avril Lavigne,The Best Damn Thing (Expanded Edition),2007-04-17,71,4.008216666666667
Girlfriend,Avril Lavigne,The Best Damn Thing (Expanded Edition),2007-04-17,78,3.61
Irreplaceable,Beyoncé,B'Day Deluxe Edition,2007-05-29,74,3.79755
See You Again,Miley Cyrus,Meet Miley Cyrus,2007-06-26,71,3.1742166666666667
Beautiful Girls,Sean Kingston,Beautiful Girls,2007-07-23,81,3.7562166666666665
Black Magic Woman,Santana,Ultimate Santana,2007-09-25,62,3.2644333333333333
"Money, Money, Money",ABBA,ABBA Gold,2008-01-01,67,3.1131
Low (feat. T-Pain),Flo Rida,Mail on Sunday,2008-03-17,85,3.8566666666666665
Umbrella,Rihanna,Good Girl Gone Bad: Reloaded,2008-06-02,85,4.599766666666667
We Are The People,Empire Of The Sun,Walking On A Dream (10th Anniversary Edition),2008-10-03,86,4.456216666666666
You Belong With Me,Taylor Swift,Fearless (Big Machine Radio Release Special),2008-11-11,73,3.8686666666666665
Love Story,Taylor Swift,Fearless (Big Machine Radio Release Special),2008-11-11,76,3.9377666666666666
Halo,Beyoncé,I AM...SASHA FIERCE,2008-11-14,69,4.360666666666667
Love Me,Justin Bieber,My World,2009-01-01,71,3.1928833333333335
Favorite Girl,Justin Bieber,My World,2009-01-01,74,4.279983333333333
Down,Jay Sean,All Or Nothing,2009-01-01,80,3.5417666666666667
Out of Touch,Daryl Hall & John Oates,The Very Best of Daryl Hall / John Oates,2009-02-20,65,4.15955
Everyday Normal Guy 2,Jon Lajoie,You Want Some of This?,2009-03-18,74,3.26155
That's My Name,Akcent,Supervara 2009,2009-04-30,56,4.228
Sweet Disposition,The Temper Trap,Conditions,2009-06-19,0,3.9388833333333335
Stereo Love,Edward Maya,Stereo Love,2009-07-07,73,4.1269
Islands,The xx,xx,2009-08-16,63,2.6786666666666665
Crystalised,The xx,xx,2009-08-16,69,3.3657666666666666
Intro,The xx,xx,2009-08-16,73,2.132
Material Girl,Madonna,Celebration (double disc version),2009-09-18,74,4.004666666666667
Halo,Beyoncé,I AM...SASHA FIERCE - Platinum Edition,2009-10-20,77,4.352666666666667
Impossible,Shontelle,No Gravity,2010-01-01,0,3.77555
Empathy,Crystal Castles,Crystal Castles (II),2010-01-01,71,4.1851
Bumpy Ride,Mohombi,MoveMeant (International),2010-01-01,73,3.7453333333333334
Danza Kuduro,Don Omar,Meet The Orphans,2010-01-01,79,3.3131
Last Friday Night (T.G.I.F.),Katy Perry,Teenage Dream,2010-01-01,79,3.84555
Baby,Justin Bieber,My World 2.0,2010-01-01,84,3.570666666666667
TiK ToK,Kesha,Animal (Expanded Edition),2010-01-01,86,3.3282166666666666
Airplanes (feat. Hayley Williams of Paramore),B.o.B,B.o.B Presents: The Adventures of Bobby Ray,2010-04-27,76,3.008
Waka Waka (This Time for Africa) [The Official 2010 FIFA World Cup (TM) Song] (feat. Freshlyground),Shakira,Waka Waka (This Time for Africa) [The Official 2010 FIFA World Cup (TM) Song] (feat. Freshlyground),2010-05-07,10,3.3771
Grenade,Bruno Mars,Doo-Wops & Hooligans,2010-05-11,80,3.7015166666666666
Grenade,Bruno Mars,Doo-Wops & Hooligans,2010-05-11,83,3.7015166666666666
Just the Way You Are,Bruno Mars,Doo-Wops & Hooligans,2010-05-11,89,3.6789
Love The Way You Lie,Eminem,Recovery,2010-06-18,86,4.38955
The Story Of Us,Taylor Swift,Speak Now,2010-10-25,49,4.428
Back To December,Taylor Swift,Speak Now,2010-10-25,65,4.884
Enchanted,Taylor Swift,Speak Now,2010-10-25,72,5.87
F**kin' Perfect,P!nk,Greatest Hits...So Far!!!,2010-11-12,28,3.5597666666666665
Love The Way You Lie (Part II) - Pt. 2,Rihanna,Loud,2010-11-16,69,4.9371
S&M,Rihanna,Loud,2010-11-16,74,4.058883333333333
Only Girl (In The World),Rihanna,Loud,2010-11-16,75,3.9248833333333333
TiK ToK,Kesha,Animal + Cannibal (Deluxe Edition),2010-11-19,0,3.3282166666666666
Memories (feat. Kid Cudi),David Guetta,One More Love,2010-11-22,66,3.5142166666666665
Girl With The Tattoo Enter.lewd,Miguel,All I Want Is You,2010-11-26,82,1.71355
Lighters,Bad Meets Evil,Hell: The Sequel (Deluxe),2011-01-01,0,5.06355
Give Your Heart A Break,Demi Lovato,Unbroken,2011-01-01,0,3.422433333333333
Mirror,Lil Wayne,Tha Carter IV (Deluxe),2011-01-01,1,3.80155
My Dilemma,Selena Gomez & The Scene,When The Sun Goes Down,2011-01-01,52,3.1642166666666665
Everytime We Touch - Radio Edit,Cascada,Original Me,2011-01-01,66,3.3186666666666667
Give Your Heart a Break,Demi Lovato,Unbroken,2011-01-01,73,3.422433333333333
Who Says,Selena Gomez & The Scene,When The Sun Goes Down,2011-01-01,75,3.2602166666666665
Glad You Came,The Wanted,Battleground (Deluxe Edition),2011-01-01,78,3.2989166666666665
Domino,Jessie J,Who You Are (Platinum Edition),2011-01-01,79,3.864
Somebody That I Used To Know,Gotye,Making Mirrors,2011-01-01,83,4.0814
Novacane,Frank Ocean,Novacane,2011-01-01,84,5.0391
Rolling in the Deep,Adele,21,2011-01-24,82,3.80155
Set Fire to the Rain,Adele,21,2011-01-24,84,4.04955
What You Need,The Weeknd,House Of Balloons (Original),2011-03-21,74,3.44035
The Morning,The Weeknd,House Of Balloons (Original),2011-03-21,76,5.23515
On The Floor,Jennifer Lopez,Love?,2011-04-29,83,4.747766666666666
jar of hearts,Christina Perri,lovestrong.,2011-05-10,76,4.109783333333334
Born This Way,Lady Gaga,Born This Way (International Special Edition Version),2011-05-23,76,4.337533333333333
Bloody Mary,Lady Gaga,Born This Way (International Special Edition Version),2011-05-23,77,4.0793333333333335
Pumped Up Kicks,Foster The People,Torches,2011-05-23,87,3.993333333333333
Titanium (feat. Sia),David Guetta,Nothing but the Beat,2011-08-31,59,4.084
Midnight City,M83,"Hurry up, We're Dreaming",2011-10-17,81,4.066
Stronger (What Doesn't Kill You),Kelly Clarkson,Stronger (Deluxe Version),2011-10-24,77,3.6991
Stereo Hearts (feat. Adam Levine),Gym Class Heroes,The Papercut Chronicles II,2011-11-11,83,3.516
Les,Childish Gambino,Camp,2011-11-15,26,5.288216666666667
Marvins Room,Drake,Take Care (Deluxe),2011-11-15,77,5.7871
We Found Love,Rihanna,Talk That Talk,2011-11-18,85,3.5871
Payphone,Maroon 5,Payphone,2012-01-01,0,3.8577666666666666
Warzone,The Wanted,The Wanted (Special Edition),2012-01-01,25,3.6391
Lightning,The Wanted,The Wanted (Special Edition),2012-01-01,25,3.396
Radioactive,Imagine Dragons,Hear Me EP,2012-01-01,39,3.1353333333333335
Love The Way You Lie - Part III (Original Demo),Skylar Grey,The Buried Sessions of Skylar Grey,2012-01-01,45,4.16555
Let Me Love You (Until You Learn To Love Yourself),Ne-Yo,R.E.D. (Deluxe Edition),2012-01-01,71,4.193766666666667
Ready or Not,Bridgit Mendler,Hello My Name Is...,2012-01-01,73,3.3491
Boyfriend,Justin Bieber,Believe,2012-01-01,77,2.85555
Clarity,Zedd,Clarity,2012-01-01,78,4.523766666666667
Diet Mountain Dew,Lana Del Rey,Born To Die - The Paradise Edition,2012-01-01,79,3.715333333333333
Call Me Maybe,Carly Rae Jepsen,Kiss,2012-01-01,83,3.223333333333333
Summertime Sadness,Lana Del Rey,Born To Die - The Paradise Edition,2012-01-01,85,4.423783333333334
Payphone,Maroon 5,Overexposed Track By Track,2012-01-01,86,3.852883333333333
Drive By,Train,Drive By,2012-01-10,1,3.2771
Teenage Dream,Katy Perry,Teenage Dream: The Complete Confection,2012-03-12,66,3.796
E.T.,Katy Perry,Teenage Dream: The Complete Confection,2012-03-12,71,3.43955
The One That Got Away,Katy Perry,Teenage Dream: The Complete Confection,2012-03-12,74,3.788883333333333
Dance Again,Jennifer Lopez,Dance Again,2012-04-02,1,3.9544333333333332
Mr. Saxobeat,Mr Saxobeat,Mr. Saxobeat (Tribute),2012-04-15,12,3.3070833333333334
What You Say,Davy Fresh,The Wake & Bake Album (10th Year Anniversary),2012-04-20,35,3.0416666666666665
What Makes You Beautiful,One Direction,Up All Night,2012-05-25,86,3.3331
Wild Ones (feat. Sia),Flo Rida,Wild Ones,2012-06-22,83,3.882433333333333
Thinkin Bout You,Frank Ocean,channel ORANGE,2012-07-10,86,3.3457666666666666
Swing Lynn,Harmless,I'm Sure,2012-08-14,73,5.3573
Girl On Fire,Alicia Keys,Girl On Fire,2012-09-04,1,3.748666666666667
Demons,Imagine Dragons,Night Visions,2012-09-04,75,2.92
Demons,Imagine Dragons,Night Visions,2012-09-04,85,2.9584333333333332
Titanium (feat. Sia),David Guetta,Nothing but the Beat 2.0,2012-09-10,60,4.084
Hall of Fame (feat. will.i.am),The Script,#3 Deluxe Version,2012-09-10,82,3.37555
Don't You Worry Child - Radio Edit,Swedish House Mafia,Don't You Worry Child,2012-09-14,82,3.5477
True Love (feat. Lily Allen),P!nk,The Truth About Love,2012-09-18,69,3.84555
Just Give Me a Reason (feat. Nate Ruess),P!nk,The Truth About Love,2012-09-18,86,4.04555
Skyfall,Adele,Skyfall,2012-10-04,86,4.774666666666667
22,Taylor Swift,Red (Big Machine Radio Release Special),2012-10-22,67,3.8686666666666665
We Are Never Ever Getting Back Together,Taylor Swift,Red (Big Machine Radio Release Special),2012-10-22,72,3.2191
I Knew You Were Trouble.,Taylor Swift,Red (Big Machine Radio Release Special),2012-10-22,78,3.662
Sweet Nothing (feat. Florence Welch),Calvin Harris,18 Months,2012-10-29,78,3.542666666666667
Feel So Close - Radio Edit,Calvin Harris,18 Months,2012-10-29,86,3.4402166666666667
A Thousand Years (feat. Steve Kazee) - Pt. 2; The Twilight Saga: Breaking Dawn Soundtrack,Christina Perri,The Twilight Saga: Breaking Dawn - Part 2 (Original Motion Picture Soundtrack),2012-11-09,67,5.098216666666667
D.D.,The Weeknd,Trilogy,2012-11-13,52,4.59155
House Of Balloons / Glass Table Girls,The Weeknd,Trilogy,2012-11-13,74,6.75355
Infinity,Infinity Ink,Infinity,2012-12-07,43,5.1335
Diamonds,Rihanna,Unapologetic (Deluxe),2012-12-11,77,3.7524333333333333
Unconditionally,Katy Perry,PRISM,2013-01-01,0,3.8146333333333335
Dark Horse,Katy Perry,PRISM,2013-01-01,0,3.594533333333333
Heart Attack,Demi Lovato,Demi,2013-01-01,0,3.514
Chasing The Sun,The Wanted,Word Of Mouth,2013-01-01,18,3.25695
Love Will Remember,Selena Gomez,Stars Dance (Bonus Track Version),2013-01-01,55,3.506
Warrior,Demi Lovato,Demi,2013-01-01,55,3.852883333333333
Nightcall,Kavinsky,OutRun,2013-01-01,59,4.288666666666667
Odd Look,Kavinsky,Odd Look,2013-01-01,62,4.225766666666667
Follow Your Arrow,Kacey Musgraves,Same Trailer Different Park,2013-01-01,65,3.3273333333333333
Come & Get It,Selena Gomez,Stars Dance (Bonus Track Version),2013-01-01,73,3.866433333333333
Alive,Empire Of The Sun,Ice On The Dune,2013-01-01,75,3.4091
La La La,Naughty Boy,La La La,2013-01-01,77,3.67965
"Let It Go - From ""Frozen""/Soundtrack Version",Idina Menzel,Frozen (Original Motion Picture Soundtrack / Deluxe Edition),2013-01-01,78,3.7306666666666666
Roar,Katy Perry,PRISM,2013-01-01,81,3.7257666666666664
Heart Attack,Demi Lovato,Demi,2013-01-01,81,3.514
Dark Horse,Katy Perry,PRISM,2013-01-01,82,3.594533333333333
Young And Beautiful,Lana Del Rey,Young And Beautiful,2013-01-01,88,3.9342166666666665
Counting Stars,OneRepublic,Native,2013-01-01,88,4.28775
Me and the Devil,Soap&Skin,Sugarbread,2013-03-11,82,3.0833333333333335
Sweater Weather,The Neighbourhood,I Love You.,2013-04-22,92,4.006666666666667
Stolen Dance,Milky Chance,Sadnecessary,2013-05-31,83,5.228066666666667
I Love You Like a Love Song (Cover),Reed Deming,Ridiculous,2013-07-26,38,3.1894666666666667
I Wanna Be Yours,Arctic Monkeys,AM,2013-09-09,93,3.065933333333333
Odd Look,Kavinsky,Kiss Land (Deluxe),2013-09-10,56,4.214216666666666
I Need Your Love,Madilyn Bailey,"The Covers, Vol. 6",2013-09-13,0,3.32995
Mirrors,Justin Timberlake,The 20/20 Experience - The Complete Experience,2013-09-27,0,8.0691
Royals,Lorde,Pure Heroine,2013-09-27,78,3.16975
Never Be the Same,Jessica Mauboy,Beautiful,2013-10-04,46,3.8813333333333335
We Can't Stop,Miley Cyrus,Bangerz (Deluxe Version),2013-10-04,82,3.854
Wrecking Ball,Miley Cyrus,Bangerz (Deluxe Version),2013-10-04,83,3.6893333333333334
Here's to Never Growing Up,Avril Lavigne,Avril Lavigne (Expanded Edition),2013-11-01,69,3.572
Story of My Life,One Direction,Midnight Memories (Deluxe),2013-11-25,87,4.09155
Let Her Go,Passenger,All the Little Lights (Deluxe),2013-11-29,79,4.2122166666666665
Changes - Radio Mix,Faul & Wad,Changes,2013-12-06,69,3.36955
Bailando - English Version,Enrique Iglesias,Bailando,2014-01-01,0,4.03885
I'm Not The Only One,Sam Smith,In The Lonely Hour (Deluxe Edition),2014-01-01,0,3.9886
Down On My Luck,VIC MENSA,Down On My Luck,2014-01-01,43,3.4912
Coming Home - Part II / Bonus Track,Skylar Grey,Don't Look Down,2014-01-01,53,2.7471
Burn,Ellie Goulding,Halcyon Days,2014-01-01,66,3.8535166666666667
Bad Blood,Taylor Swift,1989,2014-01-01,72,3.532216666666667
Somebody To You,The Vamps,Meet The Vamps,2014-01-01,73,3.08495
Wildest Dreams,Taylor Swift,1989,2014-01-01,76,3.674
Me And My Broken Heart,Rixton,Let The Road,2014-01-01,77,3.2288833333333335
Love Story,Indila,Mini World,2014-01-01,78,5.271333333333334
Style,Taylor Swift,1989 (Deluxe),2014-01-01,80,3.85
Dernière danse,Indila,Mini World,2014-01-01,81,3.5582166666666666
Blank Space,Taylor Swift,1989 (Deluxe),2014-01-01,83,3.863766666666667
West Coast,Lana Del Rey,Ultraviolence (Deluxe),2014-01-01,85,4.279333333333334
The Nights,Avicii,The Days / Nights,2014-01-01,86,2.9443
Telepathy,✝✝✝ (Crosses),✝✝✝ (Crosses),2014-02-11,0,3.5836166666666665
My Love (feat. Jess Glynne),Route 94,My Love (feat. Jess Glynne),2014-02-28,6,4.332233333333333
My Love,Route 94,My Love,2014-02-28,80,4.332216666666667
Shower,Becky G,Shower,2014-04-23,79,3.4361
Prayer in C - Robin Schulz Radio Edit,Lilly Wood and The Prick,Prayer in C,2014-05-16,76,3.1568833333333335
Don't,Ed Sheeran,x (Deluxe Edition),2014-06-21,74,3.664
Photograph,Ed Sheeran,x (Deluxe Edition),2014-06-21,88,4.316433333333333
Rude,MAGIC!,Don't Kill the Magic,2014-06-25,85,3.747333333333333
Resonance,Home,Odyssey,2014-07-01,2,3.548
Elastic Heart,Sia,1000 Forms Of Fear,2014-07-04,81,4.286666666666667
Chandelier,Sia,1000 Forms Of Fear,2014-07-04,83,3.602
Her,Majid Jordan,A Place Like This,2014-07-17,56,5.012133333333334
Recognize (feat. Drake),PARTYNEXTDOOR,PARTYNEXTDOOR TWO,2014-07-29,2,5.186616666666667
After Dark,Mr.Kitty,Time,2014-08-08,8,4.285783333333334
Bang Bang,Jessie J,My Everything (Deluxe),2014-08-22,0,3.322
Break Free,Ariana Grande,My Everything (Deluxe),2014-08-22,81,3.5806666666666667
Maps,Maroon 5,V,2014-09-02,85,3.166
Stay High - Habits Remix,Tove Lo,Queen Of The Clouds,2014-09-24,68,4.306433333333334
Little Do You Know,Alex & Sierra,It's About Us,2014-10-06,72,3.0866666666666664
Ass Back Home (feat. Neon Hitch),Gym Class Heroes,R&B Anthems,2014-10-31,0,3.70355
One Day - Feat. Helena,Arash,Superman,2014-11-04,0,3.5444333333333335
Broken Angel,Arash,Superman,2014-11-04,0,3.2046666666666668
"Hey Mama (feat. Nicki Minaj, Bebe Rexha & Afrojack)",David Guetta,Listen,2014-11-10,75,3.2093333333333334
Steal My Girl,One Direction,FOUR (Deluxe),2014-11-17,84,3.802216666666667
Night Changes,One Direction,FOUR (Deluxe),2014-11-17,89,3.776666666666667
The Heart Wants What It Wants,Selena Gomez,For You,2014-11-21,59,3.7893333333333334
In And Out Of Love,Armin van Buuren,Armin Anthems Top 100 (Ultimate Singles Collected),2014-11-28,65,3.028
Stone Cold,Demi Lovato,Confident,2015-01-01,66,3.18845
Confident,Demi Lovato,Confident,2015-01-01,74,3.4290833333333333
Cool for the Summer,Demi Lovato,Confident,2015-01-01,79,3.5789833333333334
Title,Meghan Trainor,Title (Deluxe),2015-01-12,64,2.9122166666666667
Dear Future Husband,Meghan Trainor,Title (Deluxe),2015-01-12,76,3.0704333333333333
Shy,Jai Waetford,Shy - EP,2015-01-16,55,3.1273333333333335
Worth It (feat. Kid Ink),Fifth Harmony,Reflection (Deluxe),2015-01-30,79,3.7428833333333333
Goth,Sidewalks and Skeletons,White Light,2015-03-05,78,3.452
Firefly,Mura Masa,Someday Somewhere,2015-04-10,58,3.8
Stitches,Shawn Mendes,Handwritten,2015-04-14,13,3.448
K.Y.S.A.,Phantogram,The Alchemist & Oh No Present Welcome to Los Santos,2015-04-21,0,4.3486666666666665
Hometown,Twenty One Pilots,Blurryface,2015-05-15,69,3.915766666666667
Animals,Maroon 5,V (Asia Tour Edition),2015-05-18,74,3.850216666666667
L$D,A$AP Rocky,AT.LONG.LAST.A$AP,2015-05-26,74,3.9717666666666664
Roses,The Chainsmokers,Roses,2015-06-16,81,3.778966666666667
waves,Miguel,Wildheart (Deluxe Version),2015-06-26,41,3.3748833333333335
coffee,Miguel,Wildheart (Deluxe Version),2015-06-26,65,4.7762166666666666
On & On,Cartoon,On & On,2015-07-09,8,3.4511333333333334
Play Date,Melanie Martinez,Cry Baby (Deluxe Edition),2015-08-14,75,2.9977833333333335
Control,Halsey,BADLANDS (Deluxe),2015-08-28,72,3.57935
The Hills,The Weeknd,Beauty Behind The Madness,2015-08-28,87,4.03755
Crazy In Love - Remix,Beyoncé,Crazy In Love (Remix),2015-09-04,69,3.7733333333333334
Art Deco,Lana Del Rey,Honeymoon,2015-09-18,81,4.917766666666667
Writing's On The Wall,Sam Smith,Writing's On The Wall,2015-09-25,0,4.649783333333334
Exchange,Bryson Tiller,T R A P S O U L,2015-10-02,82,3.24355
Don't,Bryson Tiller,T R A P S O U L,2015-10-02,86,3.304883333333333
Same Old Love,Selena Gomez,Revival (Deluxe),2015-10-09,72,3.818
Good For You,Selena Gomez,Revival (Deluxe),2015-10-09,80,3.688
Better When I'm Dancin',Meghan Trainor,Better When I'm Dancin',2015-10-14,74,2.9377666666666666
All My Friends (feat. Tinashe & Chance the Rapper),Snakehips,All My Friends (feat. Tinashe & Chance the Rapper),2015-10-21,71,3.8291
7 Years,Lukas Graham,7 Years,2015-10-22,0,3.955
Warriors,Imagine Dragons,Smoke + Mirrors (Deluxe),2015-10-23,55,2.8351
Cry Baby,The Neighbourhood,Wiped Out!,2015-10-30,74,3.9193333333333333
Please Don't Go,Joel Adams,Please Don't Go,2015-11-06,67,3.5096666666666665
Black Magic,Little Mix,Get Weird (Expanded Edition),2015-11-06,76,3.5297666666666667
"Love Me Like You Do - From ""Fifty Shades Of Grey""",Ellie Goulding,Delirium (Deluxe),2015-11-06,79,4.2089
Purpose,Justin Bieber,Purpose (Deluxe),2015-11-13,66,3.502666666666667
Scars To Your Beautiful,Alessia Cara,Know-It-All,2015-11-13,81,3.8373333333333335
Drag Me Down,One Direction,Made In The A.M. (Deluxe Edition),2015-11-13,81,3.202
What Do You Mean?,Justin Bieber,Purpose (Deluxe),2015-11-13,84,3.428
Sorry,Justin Bieber,Purpose (Deluxe),2015-11-13,86,3.346433333333333
Love Yourself,Justin Bieber,Purpose (Deluxe),2015-11-13,86,3.8953333333333333
Running on E,Brent Faiyaz,Running on E,2015-11-15,68,4.700666666666667
Hello,Adele,25,2015-11-20,77,4.925033333333333
Send My Love (To Your New Lover),Adele,25,2015-11-20,77,3.717966666666667
Hymn for the Weekend,Coldplay,A Head Full of Dreams,2015-12-04,86,4.304433333333333
Wait a Minute!,WILLOW,ARDIPITHECUS,2015-12-18,62,3.275333333333333
Fight Song,Rachel Platten,Wildfire,2016-01-01,78,3.4002166666666667
Work,Rihanna,ANTI (Deluxe),2016-01-28,79,3.6553333333333335
Needed Me,Rihanna,ANTI (Deluxe),2016-01-28,83,3.1933333333333334
PILLOWTALK,ZAYN,PILLOWTALK,2016-01-29,64,3.3947666666666665
We Don't Talk Anymore (feat. Selena Gomez),Charlie Puth,Nine Track Mind,2016-01-29,80,3.628433333333333
Unstoppable,Sia,This Is Acting,2016-01-29,81,3.6291
Don't Let Me Down,The Chainsmokers,Don't Let Me Down,2016-02-05,83,3.4728833333333333
Cheap Thrills (feat. Sean Paul),Sia,This Is Acting,2016-02-18,76,3.7468833333333333
waves - Tame Impala Remix,Miguel,Rogue Waves,2016-02-26,66,4.222433333333333
Runaway,AURORA,All My Demons Greeting Me As A Friend (Deluxe),2016-03-11,79,4.1471
"i hate u, i love u (feat. olivia o'brien)",gnash,us,2016-03-25,76,4.183883333333333
Side To Side,Ariana Grande,Dangerous Woman,2016-04-01,80,3.7693333333333334
Dangerous Woman,Ariana Grande,Dangerous Woman,2016-04-01,82,3.9324333333333334
Into You,Ariana Grande,Dangerous Woman,2016-04-01,83,4.074216666666667
7 Years,Lukas Graham,Lukas Graham,2016-04-01,84,3.955
Ain't Your Mama,Jennifer Lopez,Ain't Your Mama,2016-04-07,70,3.6372333333333335
Line Without a Hook,Ricky Montgomery,Montgomery Ricky,2016-04-08,82,4.159766666666667
I Never Felt So Right - Radio Mix,Ben Delay,I Never Felt So Right,2016-04-15,29,3.69105
"Just Like Fire (From the Original Motion Picture ""Alice Through The Looking Glass"")",P!nk,"Just Like Fire (From the Original Motion Picture ""Alice Through The Looking Glass"")",2016-04-15,70,3.5902166666666666
This Is What You Came For,Calvin Harris,This Is What You Came For,2016-04-29,80,3.7026666666666666
One Dance,Drake,Views,2016-05-06,62,2.89955
Dangerous Woman,Ariana Grande,Dangerous Woman,2016-05-20,6,3.9324333333333334
Step On Up,Ariana Grande,Dangerous Woman,2016-05-20,61,3.0142166666666665
Hurts So Good,Astrid S,Astrid S,2016-05-20,70,3.4788
I Want It That Way,Backstreet Boys,The New Best Of (All Hits & Remixes) 2016,2016-06-03,0,3.55
In the Name of Love,Martin Garrix,In the Name of Love,2016-07-29,81,3.2617666666666665
Closer,The Chainsmokers,Closer,2016-07-29,89,4.082666666666666
Poison,Brent Faiyaz,Poison,2016-08-03,80,3.5498666666666665
Middle,DJ Snake,Encore,2016-08-05,79,3.6762166666666665
Let Me Love You,DJ Snake,Encore,2016-08-05,87,3.4324333333333334
Nights,Frank Ocean,Blonde,2016-08-20,82,5.119183333333333
My Way,Calvin Harris,My Way,2016-09-16,78,3.65265
All We Know,The Chainsmokers,All We Know,2016-09-29,71,3.2346666666666666
Would I Lie to You - Radio Edit,David Guetta,Would I Lie to You,2016-09-30,65,3.2941166666666666
Don't Wanna Know,Maroon 5,Don't Wanna Know,2016-10-11,2,3.574666666666667
idfc - Tarro Remix,blackbear,idfc (Tarro Remix),2016-10-17,59,4.143883333333333
The Greatest (feat. Kendrick Lamar),Sia,This Is Acting (Deluxe Version),2016-10-21,68,3.5037666666666665
"How Far I'll Go - From ""Moana""",Alessia Cara,"How Far I'll Go (From ""Moana"")",2016-10-28,62,2.9252833333333332
Burn Break Crash,Aanysa,Burn Break Crash,2016-11-04,42,3.7558666666666665
K.,Cigarettes After Sex,K.,2016-11-15,41,5.326
Power,Little Mix,Glory Days (Expanded Edition),2016-11-18,74,4.1306666666666665
Stargirl Interlude,The Weeknd,Starboy,2016-11-24,82,1.8604333333333334
Stargirl Interlude,The Weeknd,Starboy,2016-11-25,75,1.8606666666666667
Party Monster,The Weeknd,Starboy,2016-11-25,79,4.15355
Die For You,The Weeknd,Starboy,2016-11-25,81,4.337533333333333
Reminder,The Weeknd,Starboy,2016-11-25,84,3.648
Starboy,The Weeknd,Starboy,2016-11-25,90,3.840883333333333
Redbone,Childish Gambino,"""Awaken, My Love!""",2016-12-02,25,5.448883333333334
Make Me Move,Culture Code,Make Me Move,2016-12-13,59,3.2842
"Sit Still, Look Pretty",Daya,"Sit Still, Look Pretty",2017-01-06,2,3.370433333333333
Hold On,Chord Overstreet,Hold On,2017-02-03,80,3.314216666666667
I Don’t Wanna Live Forever (Fifty Shades Darker),ZAYN,Fifty Shades Darker (Original Motion Picture Soundtrack),2017-02-10,70,4.094216666666667
It Ain't Me (with Selena Gomez),Kygo,It Ain't Me (with Selena Gomez),2017-02-16,81,3.679666666666667
Something Just Like This,The Chainsmokers,Something Just Like This,2017-02-22,73,4.1271
Stay,Zedd,Stay,2017-02-23,77,3.5015
New Man,Ed Sheeran,÷ (Deluxe),2017-03-03,63,3.1546666666666665
Dive,Ed Sheeran,÷ (Deluxe),2017-03-03,75,3.974
Galway Girl,Ed Sheeran,÷ (Deluxe),2017-03-03,82,2.8471
Perfect,Ed Sheeran,÷ (Deluxe),2017-03-03,90,4.39
Shape of You,Ed Sheeran,÷ (Deluxe),2017-03-03,90,3.8952
Rolex,Ayo & Teo,Rolex,2017-03-15,70,3.9764333333333335
Never Forget You,Zara Larsson,So Good,2017-03-17,73,3.5571166666666665
Teenage Fever,Drake,More Life,2017-03-18,81,3.6615333333333333
Passionfruit,Drake,More Life,2017-03-18,86,4.982333333333333
Talk,Retronaut,Talk,2017-03-24,62,2.7466666666666666
Hey Ma (with J Balvin & Pitbull feat. Camila Cabello),J Balvin,Fast & Furious 8: The Album,2017-04-14,40,3.2506666666666666
LOVE. FEAT. ZACARI.,Kendrick Lamar,DAMN.,2017-04-14,86,3.5566666666666666
PRIDE.,Kendrick Lamar,DAMN.,2017-04-14,86,4.58755
Treat You Better,Shawn Mendes,Illuminate,2017-04-20,86,3.1328833333333335
There's Nothing Holdin' Me Back,Shawn Mendes,Illuminate (Deluxe),2017-04-20,88,3.324
Rumors,NEFFEX,Rumors,2017-04-26,70,4.126783333333333
Me Too,Meghan Trainor,Thank You (Deluxe Version),2017-05-12,73,3.0206666666666666
NO,Meghan Trainor,Thank You (Deluxe Version),2017-05-12,75,3.5584333333333333
Walls Could Talk,Halsey,hopeless fountain kingdom (Deluxe),2017-06-02,4,1.6964833333333333
IDGAF,Dua Lipa,Dua Lipa (Deluxe),2017-06-02,80,3.632433333333333
Sunsetz,Cigarettes After Sex,Cigarettes After Sex,2017-06-09,69,3.5858333333333334
Apocalypse,Cigarettes After Sex,Cigarettes After Sex,2017-06-09,73,4.8436
Infinity,Jaymes Young,Feel Something,2017-06-23,78,3.962
Whatever It Takes,Imagine Dragons,Evolve,2017-06-23,84,3.354
Thunder,Imagine Dragons,Evolve,2017-06-23,86,3.1191
Believer,Imagine Dragons,Evolve,2017-06-23,88,3.4057666666666666
Why,Sabrina Carpenter,Why,2017-07-07,63,2.8516
Play with Fire (feat. Yacht Money),Sam Tinnesz,Play with Fire (feat. Yacht Money),2017-07-07,75,3.0115
Armor,Nightcore Dreams,Armor,2017-07-19,42,3.067633333333333
Lot to Learn,Luke Christopher,TMRWFRVR,2017-07-28,50,4.139766666666667
Sober - Jarreau Vandal Remix,Mahalia,Sober (Jarreau Vandal Remix),2017-08-11,44,3.6724666666666668
Silence,Marshmello,Silence,2017-08-11,81,3.0137
Better Off (Dying),Lil Peep,"Come Over When You're Sober, Pt. 1",2017-08-15,0,2.580233333333333
Achilles Come Down,Gang of Youths,Go Farther In Lightness,2017-08-18,68,7.0357666666666665
Never Let Go (Of Me),Baltra,Never Let Go (Of Me),2017-08-25,56,6.909833333333333
I'm Getting Ready,Tasha Cobbs Leonard,Heart. Passion. Pursuit.,2017-08-25,57,8.436666666666667
Black Out Days - Future Islands Remix,Phantogram,Black Out Days (Future Islands Remix),2017-09-01,70,4.1391
Glue,BICEP,Bicep,2017-09-01,74,4.485816666666667
The Spectre,Alan Walker,The Spectre,2017-09-15,74,3.2297833333333332
Again (feat. XXXTENTACION),Noah Cyrus,Again (feat. XXXTENTACION),2017-09-22,82,3.232683333333333
Sorry Not Sorry,Demi Lovato,Tell Me You Love Me,2017-09-29,74,3.396
Who I Am,The Score,ATLAS,2017-10-13,54,3.5957666666666666
Nothing Burns Like The Cold,Snoh Aalegra,FEELS,2017-10-20,69,3.4985166666666667
Wolves,Selena Gomez,Wolves,2017-10-25,79,3.2998833333333333
Legends Never Die - (Remix),League of Legends,Legends Never Die (Remix),2017-11-02,66,2.786216666666667
I'm Not Her,Clara Mae,I'm Not Her,2017-11-10,53,3.2367333333333335
Gorgeous,Taylor Swift,reputation,2017-11-10,76,3.494666666666667
Dress,Taylor Swift,reputation,2017-11-10,77,3.83955
Look What You Made Me Do,Taylor Swift,reputation,2017-11-10,81,3.530883333333333
Don’t Blame Me,Taylor Swift,reputation,2017-11-10,85,3.9402166666666667
Just A Dream,Kurt Hugo Schneider,Just A Dream,2017-11-14,58,4.393283333333334
Lost Boy,Jaden,SYRE,2017-11-17,46,9.497883333333334
Boulevard of Broken Dreams,Green Day,Greatest Hits: God's Favorite Band,2017-11-17,74,4.372216666666667
Rewrite The Stars,Zac Efron,Rewrite The Stars,2017-11-17,76,3.624
You're Perfect - Remix,Charly Black,You're Perfect (Remix),2017-12-01,48,3.3566666666666665
Lust,Lil Skies,Life of a Dark Rose,2017-12-12,73,2.6
Him & I,G-Eazy,The Beautiful & Damned,2017-12-15,53,4.4811
ocean eyes,Billie Eilish,dont smile at me,2017-12-22,85,3.33965
Never Be the Same,Camila Cabello,Camila,2018-01-12,81,3.7828833333333334
Havana (feat. Young Thug),Camila Cabello,Camila,2018-01-12,83,3.621766666666667
D'Evils,SiR,November,2018-01-19,70,2.8636333333333335
The Middle,Zedd,The Middle,2018-01-23,80,3.078866666666667
Dinero,Trinidad Cardona,Dinero,2018-02-02,68,2.6813333333333333
Love Me Like You Do,Ellie Goulding,Fifty Shades Freed (Original Motion Picture Soundtrack),2018-02-09,81,4.225333333333333
All The Stars (with SZA),Kendrick Lamar,Black Panther The Album Music From And Inspired By,2018-02-09,95,3.8697666666666666
Hope,XXXTENTACION,?,2018-03-16,84,1.8481
Wait,NoMBe,They Might've Even Loved Me,2018-03-23,0,3.572216666666667
Privilege,The Weeknd,"My Dear Melancholy,",2018-03-30,64,2.8428833333333334
Call Out My Name,The Weeknd,"My Dear Melancholy,",2018-03-30,86,3.806216666666667
I Like It,Cardi B,Invasion of Privacy,2018-04-06,78,4.223166666666667
One Kiss (with Dua Lipa),Calvin Harris,One Kiss (with Dua Lipa),2018-04-06,81,3.580766666666667
lovely (with Khalid),Billie Eilish,lovely (with Khalid),2018-04-19,89,3.3364166666666666
River,Bishop Briggs,Church Of Scars,2018-04-20,76,3.6022166666666666
FRIENDS,Marshmello,Speak Your Mind (Deluxe),2018-04-27,54,3.377
Bad Girlfriend,Anne-Marie,Speak Your Mind (Deluxe),2018-04-27,55,3.4364333333333335
Spoil My Night (feat. Swae Lee),Post Malone,beerbongs & bentleys,2018-04-27,63,3.2426666666666666
Alarm,Anne-Marie,Speak Your Mind (Deluxe),2018-04-27,64,3.42655
Rockabye (feat. Sean Paul & Anne-Marie),Clean Bandit,Speak Your Mind (Deluxe),2018-04-27,64,4.174266666666667
Ciao Adios,Anne-Marie,Speak Your Mind (Deluxe),2018-04-27,67,3.32955
Better Now,Post Malone,beerbongs & bentleys,2018-04-27,80,3.854433333333333
Back To You - From 13 Reasons Why – Season 2 Soundtrack,Selena Gomez,Back To You (From 13 Reasons Why – Season 2 Soundtrack),2018-05-10,76,3.4650666666666665
Ignite,Alan Walker,Ignite,2018-05-11,72,3.5048
Attention,Charlie Puth,Voicenotes,2018-05-11,83,3.4797666666666665
What If (I Told You I Like You),Johnny Orlando,What If (I Told You I Like You),2018-05-18,65,3.6531
Purity (feat. Frank Ocean),A$AP Rocky,TESTING,2018-05-25,69,4.3726666666666665
I Like Me Better,Lauv,I met you when I was 18. (the playlist),2018-05-31,4,3.2906
Into Your Arms (feat. Ava Max),Witt Lowry,Into Your Arms (feat. Ava Max),2018-06-08,73,3.1003666666666665
Take a Hint,Nightcore Reality,Take a Hint,2018-06-13,59,2.1694
Girls Like You (feat. Cardi B) - Cardi B Version,Maroon 5,Red Pill Blues (Deluxe),2018-06-15,74,3.92575
Youngblood,5 Seconds of Summer,Youngblood (Deluxe),2018-06-15,83,3.3902833333333335
Knees,Bebe Rexha,Expectations,2018-06-22,61,3.443
I'm a Mess,Bebe Rexha,Expectations,2018-06-22,71,3.25865
Meant to Be (feat. Florida Georgia Line),Bebe Rexha,Expectations,2018-06-22,74,2.73675
Don’t Matter To Me (with Michael Jackson),Drake,Scorpion,2018-06-29,71,4.096433333333334
In My Feelings,Drake,Scorpion,2018-06-29,75,3.6320833333333336
Be Alright,Dean Lewis,Be Alright,2018-06-29,77,3.272883333333333
God's Plan,Drake,Scorpion,2018-06-29,84,3.3162166666666666
No Lie,Sean Paul,Mad Love The Prequel,2018-06-29,84,3.6862666666666666
Eastside (with Halsey & Khalid),benny blanco,Eastside (with Halsey & Khalid),2018-07-12,74,2.89665
Just My Type,The Vamps,Night & Day (Day Edition),2018-07-13,61,3.522666666666667
Beautiful (feat. Camila Cabello),Bazzi,Beautiful (feat. Camila Cabello),2018-08-02,73,3.0
Fake,The Tech Thieves,Fake,2018-08-03,62,2.3529333333333335
5% TINT,Travis Scott,ASTROWORLD,2018-08-03,77,3.2689666666666666
Not Your Barbie Girl,Ava Max,Not Your Barbie Girl,2018-08-13,67,3.1086666666666667
Pretty Girl,Nightcore Red,Pretty Girl,2018-08-15,39,2.9426833333333335
Happier,Marshmello,Happier,2018-08-17,17,3.571483333333333
God is a woman,Ariana Grande,Sweetener,2018-08-17,78,3.2924333333333333
Bad Boy (feat. Luana Kiara),Raaban,Bad Boy (feat. Luana Kiara),2018-08-24,65,3.1778833333333334
Can We Kiss Forever?,Kina,Can We Kiss Forever?,2018-08-31,73,3.1321833333333333
Be Somebody,Phil Good,Be Somebody,2018-09-14,38,3.1093333333333333
Say My Name,David Guetta,7,2018-09-14,68,3.3157666666666668
Pretty Little Fears (feat. J. Cole),6LACK,East Atlanta Love Letter,2018-09-14,72,4.005683333333334
Survivor,2WEI,Sequels,2018-09-20,4,3.2538666666666667
"Taki Taki (with Selena Gomez, Ozuna & Cardi B)",DJ Snake,"Taki Taki (with Selena Gomez, Ozuna & Cardi B)",2018-09-28,73,3.5416666666666665
Without Me,Halsey,Without Me,2018-10-04,40,3.361
Woman Like Me (feat. Nicki Minaj),Little Mix,Woman Like Me (feat. Nicki Minaj),2018-10-12,55,3.8034333333333334
None Of My Business,Cher Lloyd,None Of My Business,2018-10-19,59,3.0667333333333335
Carol Of The Bells,Lindsey Stirling,Warmer In The Winter (Deluxe Edition),2018-10-19,67,2.7682166666666665
Trust,Brent Faiyaz,Lost,2018-10-19,77,2.6403333333333334
Close To Me (with Diplo) (feat. Swae Lee),Ellie Goulding,Close To Me (feat. Swae Lee),2018-10-24,62,3.0437166666666666
SLOW DANCING IN THE DARK,Joji,BALLADS 1,2018-10-26,11,3.4878833333333334
Compass,The Neighbourhood,Hard To Imagine The Neighbourhood Ever Changing,2018-11-02,67,2.7993333333333332
Void,The Neighbourhood,Hard To Imagine The Neighbourhood Ever Changing,2018-11-02,69,3.394433333333333
Softcore,The Neighbourhood,Hard To Imagine The Neighbourhood Ever Changing,2018-11-02,87,3.438
Older,Sasha Alex Sloan,Older,2018-11-09,72,3.18335
Let Me Down Slowly,Alec Benjamin,Narrated For You,2018-11-16,83,2.82255
Sundress,A$AP Rocky,Sundress,2018-11-20,86,2.63675
So High,Ski Mask The Slump God,STOKELEY,2018-11-30,51,2.4968833333333333
CHANCES,KAYTRANADA,NOTHIN LIKE U / CHANCES,2018-11-30,65,3.6366666666666667
Solo (feat. Demi Lovato),Clean Bandit,What Is Love? (Deluxe Edition),2018-11-30,71,3.7117666666666667
Symphony (feat. Zara Larsson),Clean Bandit,What Is Love? (Deluxe Edition),2018-11-30,80,3.54555
whoa (mind in awe),XXXTENTACION,SKINS,2018-12-07,72,2.6296
Lean Wit Me,Juice WRLD,Goodbye & Good Riddance,2018-12-10,80,2.92925
Diamond Heart,Alan Walker,Different World,2018-12-14,62,4.00555
Sing Me to Sleep,Alan Walker,Different World,2018-12-14,65,3.13
All Falls Down (feat. Juliander),Alan Walker,Different World,2018-12-14,66,3.3146666666666667
Lily,Alan Walker,Different World,2018-12-14,74,3.264
This Feeling,The Chainsmokers,Sick Boy,2018-12-14,74,3.2991
Darkside,Alan Walker,Different World,2018-12-14,75,3.528
Alone,Alan Walker,Different World,2018-12-14,76,2.673766666666667
Faded,Alan Walker,Different World,2018-12-14,82,3.5351
Sunflower - Spider-Man: Into the Spider-Verse,Post Malone,Spider-Man: Into the Spider-Verse (Soundtrack From & Inspired by the Motion Picture),2018-12-14,83,2.634
Dusk Till Dawn (feat. Sia) - Radio Edit,ZAYN,Icarus Falls,2018-12-14,84,3.9833333333333334
Queen,Loren Gray,Queen,2018-12-21,61,2.6740666666666666
Astronaut In The Ocean,Masked Wolf,Astronaut In The Ocean (International Remixes),2019-01-01,55,2.213
Cradles,Sub Urban,Cradles,2019-01-04,3,3.49715
Con Calma,Daddy Yankee,Con Calma,2019-01-24,81,3.2204333333333333
Despacito - Remix,Luis Fonsi,VIDA,2019-02-01,72,3.8402166666666666
Despacito,Luis Fonsi,VIDA,2019-02-01,82,3.8226666666666667
"thank u, next",Ariana Grande,"thank u, next",2019-02-08,81,3.4553333333333334
7 rings,Ariana Grande,"thank u, next",2019-02-08,84,2.9771
Last Hurrah,Bebe Rexha,Last Hurrah,2019-02-15,58,2.50555
Freaks,Jordan Clarke,Freaks,2019-02-25,0,2.9133333333333336
Tomboy,Destiny Rogers,Tomboy,2019-02-28,67,3.39075
Arcade,Duncan Laurence,Arcade,2019-03-07,77,3.0604
Here With Me,Marshmello,Here With Me,2019-03-08,42,2.605766666666667
Lost in the Fire (feat. The Weeknd),Gesaffelstein,Hyperion,2019-03-08,84,3.3682166666666666
On My Way,Alan Walker,On My Way,2019-03-21,75,3.22995
In The End - Mellen Gi Remix,Tommee Profitt,In The End,2019-03-22,70,3.6364666666666667
Lost In Sound,ROY KNOX,Lost In Sound,2019-03-23,6,2.6266
wish you were gay,Billie Eilish,"WHEN WE ALL FALL ASLEEP, WHERE DO WE GO?",2019-03-29,76,3.6923833333333334
bad guy,Billie Eilish,"WHEN WE ALL FALL ASLEEP, WHERE DO WE GO?",2019-03-29,83,3.234783333333333
Late Night Feelings (feat. Lykke Li),Mark Ronson,Late Night Feelings (feat. Lykke Li),2019-04-12,56,4.1838
If I Can't Have You,Shawn Mendes,If I Can't Have You,2019-05-03,67,3.18
Love Is Gone,SLANDER,Love Is Gone,2019-05-10,63,4.267366666666667
I Don't Care (with Justin Bieber),Ed Sheeran,I Don't Care (with Justin Bieber),2019-05-10,76,3.665766666666667
Someone You Loved,Lewis Capaldi,Divinely Uninspired To A Hellish Extent,2019-05-17,87,3.036
A Song of Ice and Fire,Ramin Djawadi,Game Of Thrones: Season 8 (Music from the HBO Series),2019-05-19,61,2.1981333333333333
Sucker,Jonas Brothers,Happiness Begins,2019-06-07,80,3.0171
Señorita,Shawn Mendes,Shawn Mendes (Deluxe),2019-06-19,81,3.1799833333333334
Old Town Road (feat. Billy Ray Cyrus) - Remix,Lil Nas X,7,2019-06-21,76,2.617766666666667
Nothing Breaks Like a Heart (feat. Miley Cyrus),Mark Ronson,Late Night Feelings,2019-06-21,80,3.618316666666667
Señorita,Shawn Mendes,Señorita,2019-06-21,80,3.1826666666666665
Hate Me (with Juice WRLD),Ellie Goulding,Hate Me (with Juice WRLD),2019-06-26,70,3.1037166666666667
Beautiful People (feat. Khalid),Ed Sheeran,Beautiful People (feat. Khalid),2019-06-28,72,3.2977666666666665
Dancing With Your Ghost,Sasha Alex Sloan,Dancing With Your Ghost,2019-06-28,78,3.295533333333333
South of the Border (feat. Camila Cabello & Cardi B),Ed Sheeran,No.6 Collaborations Project,2019-07-12,73,3.407766666666667
Fireflies,Nightcore Reality,Fireflies,2019-07-19,36,3.1333333333333333
Mirror,IDER,Emotional Education,2019-07-19,49,3.652433333333333
Looking at Me,Sabrina Carpenter,Singular Act II,2019-07-19,79,3.018666666666667
Queen of Mean,Sarah Jeffery,Descendants 3 (Original TV Movie Soundtrack),2019-08-02,68,3.156616666666667
boyfriend (with Social House),Ariana Grande,boyfriend,2019-08-02,80,3.101766666666667
SUICIDE YEAR,WEEDMANE,SUICIDE YEAR,2019-08-04,1,1.52885
Black Widow,Iggy Azalea,Frat Party,2019-08-09,28,3.4903833333333334
Make You Mine,PUBLIC,Make You Mine,2019-08-09,73,3.8817666666666666
ME! (feat. Brendon Urie of Panic! At The Disco),Taylor Swift,Lover,2019-08-23,76,3.216666666666667
Paper Rings,Taylor Swift,Lover,2019-08-23,78,3.7066666666666666
You Need To Calm Down,Taylor Swift,Lover,2019-08-23,79,2.856
Lover,Taylor Swift,Lover,2019-08-23,86,3.6884333333333332
Cruel Summer,Taylor Swift,Lover,2019-08-23,90,2.9737666666666667
Play,K-391,Play,2019-08-30,69,2.7996
Doin' Time,Lana Del Rey,Norman Fucking Rockwell!,2019-08-30,80,3.369866666666667
Ransom,Lil Tecca,We Love You Tecca,2019-08-30,87,2.187333333333333
Goodbyes (feat. Young Thug),Post Malone,Hollywood's Bleeding,2019-09-06,77,2.9142166666666665
Circles,Post Malone,Hollywood's Bleeding,2019-09-06,87,3.588
Memories,Maroon 5,Memories,2019-09-20,33,3.1581
When I R.I.P.,Labrinth,Euphoria (Original Score from the HBO Series),2019-10-04,68,2.90945
"10,000 Hours (with Justin Bieber)",Dan + Shay,"10,000 Hours (with Justin Bieber)",2019-10-04,75,2.7948833333333334
Formula,Labrinth,Euphoria (Original Score from the HBO Series),2019-10-04,78,1.53115
HIGHEST IN THE ROOM,Travis Scott,HIGHEST IN THE ROOM,2019-10-04,86,2.9286666666666665
ROXANNE,Arizona Zervas,ROXANNE,2019-10-10,75,2.7272666666666665
Harleys In Hawaii,Katy Perry,Harleys In Hawaii,2019-10-16,72,3.0969166666666665
Dance Monkey,Tones And I,Dance Monkey (Stripped Back) / Dance Monkey,2019-10-17,76,3.4906333333333333
Princesses Don't Cry - Nightcore Remix,CARYS,Princesses Don't Cry,2019-10-18,0,3.29355
You Can't Stop the Girl - Film Mix,Bebe Rexha,Maleficent: Mistress of Evil (Original Motion Picture Soundtrack),2019-10-18,36,2.6622166666666667
I Want It That Way,Into The Nightcore,"Into The Nightcore, Vol. 3",2019-10-22,32,2.6942333333333335
Rise Up,TheFatRat,Rise Up,2019-10-25,67,2.829266666666667
Cry,Cigarettes After Sex,Cry,2019-10-25,75,4.279983333333333
Streets,Doja Cat,Hot Pink,2019-11-07,85,3.7831
It's You,Ali Gatie,YOU,2019-11-08,76,3.543433333333333
Lover (Remix) [feat. Shawn Mendes],Taylor Swift,Lover (Remix) [feat. Shawn Mendes],2019-11-13,68,3.6884333333333332
everything i wanted,Billie Eilish,everything i wanted,2019-11-13,85,4.090416666666667
Airplanes (feat. Hayley Williams of Paramore),B.o.B,100 Greatest R&B,2019-11-22,45,3.00555
Shatter Me,Nightcore Reality,Shatter Me,2019-11-27,39,3.9166666666666665
Liar,Camila Cabello,Romance,2019-12-06,64,3.450633333333333
Call You Mine,The Chainsmokers,World War Joy,2019-12-06,69,3.6273333333333335
My Oh My (feat. DaBaby),Camila Cabello,Romance,2019-12-06,75,2.8457666666666666
Shameless,Camila Cabello,Romance,2019-12-06,84,3.6623666666666668
"Alone, Pt. II",Alan Walker,"Alone, Pt. II",2019-12-27,70,2.9842
Look At Her Now,Selena Gomez,Rare,2020-01-10,63,2.7099166666666665
People You Know,Selena Gomez,Rare,2020-01-10,76,3.2483333333333335
MIDDLE OF THE NIGHT,Elley Duhé,MIDDLE OF THE NIGHT,2020-01-10,77,3.074116666666667
Lose You To Love Me,Selena Gomez,Rare,2020-01-10,81,3.4409666666666667
Boss Bitch,Doja Cat,Boss Bitch,2020-01-23,78,2.2373166666666666
Take a Hint,Night Inn,"Make It Pop, Vol. 7",2020-01-26,52,2.573916666666667
Intentions,Justin Bieber,Intentions,2020-02-07,69,3.5478
I Like Him,Princess Nokia,Everything Sucks,2020-02-26,59,2.20755
Mercy,Into The Nightcore,"Into The Nightcore, Vol. 8",2020-03-03,0,2.7252
Mercy,Into The Nightcore,"Into The Nightcore, Vol. 8",2020-03-03,37,2.7252
Meet Me At Our Spot,THE ANXIETY,THE ANXIETY,2020-03-13,75,2.711333333333333
No Idea,Don Toliver,Heaven Or Hell,2020-03-13,82,2.573733333333333
Repeat After Me (Interlude),The Weeknd,After Hours (Deluxe),2020-03-20,47,3.2635833333333335
After Hours,The Weeknd,After Hours (Deluxe),2020-03-20,55,6.017066666666667
Maniac,Conan Gray,Kid Krow,2020-03-20,77,3.096216666666667
After Hours,The Weeknd,After Hours,2020-03-20,83,6.0171
Save Your Tears,The Weeknd,After Hours,2020-03-20,87,3.5937666666666668
Blinding Lights,The Weeknd,After Hours,2020-03-20,90,3.334
Falling,Trevor Daniel,Nicotine,2020-03-26,2,2.65635
Break My Heart,Dua Lipa,Future Nostalgia,2020-03-27,78,3.697
Like I Want You,GIVĒON,TAKE TIME,2020-03-27,80,4.346266666666667
Heartbreak Anniversary,GIVĒON,TAKE TIME,2020-03-27,81,3.3061666666666665
Levitating (feat. DaBaby),Dua Lipa,Future Nostalgia,2020-03-27,83,3.3844
Don't Start Now,Dua Lipa,Future Nostalgia,2020-03-27,83,3.0548333333333333
She,Selena Gomez,Rare (Deluxe),2020-04-09,52,2.8833166666666665
you broke me first,Tate McRae,you broke me first,2020-04-17,11,2.821083333333333
Be Kind (with Halsey),Marshmello,Be Kind (with Halsey),2020-05-01,73,2.87935
Apologize,Besomorph,Apologize,2020-05-08,5,2.44335
Stuck with U (with Justin Bieber),Ariana Grande,Stuck with U,2020-05-08,81,3.8080333333333334
Love How It Hurts (feat. Tina Stachowiak),Axel Johansson,Love How It Hurts (feat. Tina Stachowiak),2020-05-29,44,3.33
Ur So F**kInG cOoL,Tones And I,Ur So F**kInG cOoL,2020-05-29,57,2.8791
overwhelmed,Royal & the Serpent,Overwhelmed,2020-06-26,66,2.6548833333333333
Down,Arc North,Down,2020-07-02,1,2.3916666666666666
Down,Arc North,Down,2020-07-02,48,2.3916666666666666
Mad at Disney,salem ilese,Mad at Disney,2020-07-24,2,2.2806333333333333
Heat Waves,Glass Animals,Dreamland,2020-08-07,87,3.9800833333333334
Numb,Arc North,Numb,2020-08-25,7,2.17795
SugarCrash!,ElyOtto,SugarCrash!,2020-08-25,69,1.3346666666666667
Rebel,Zum,Liquid Sunshine Riddim,2020-09-11,60,2.2647
Blinding Lights,The Weeknd,Blinding Lights,2020-09-11,63,3.3340833333333335
"Relax, Take It Easy",UNKLFNKL,"Relax, Take It Easy",2020-09-15,1,2.6984
Dead Man Walking,Brent Faiyaz,Dead Man Walking,2020-09-18,66,4.117983333333333
So Am I,Ava Max,Heaven & Hell,2020-09-18,72,3.0504333333333333
My Head & My Heart,Ava Max,Heaven & Hell,2020-09-18,74,2.9126666666666665
Kings & Queens,Ava Max,Heaven & Hell,2020-09-18,80,2.7066333333333334
Sweet but Psycho,Ava Max,Heaven & Hell,2020-09-18,81,3.1239333333333335
Sanctuary,Joji,Nectar,2020-09-24,3,3.0003
Dancing in My Room,347aidan,Dancing in My Room,2020-10-26,67,3.0023
positions,Ariana Grande,Positions,2020-10-30,80,2.8720666666666665
WITHOUT YOU,The Kid LAROI,F*CK LOVE (SAVAGE),2020-11-06,6,2.6897333333333333
Faded,Arc North,Faded,2020-11-24,50,2.43615
Angels Like You,Miley Cyrus,Plastic Hearts,2020-11-27,82,3.2742166666666668
Galaxy,Kid Travis,Strawberry Skies (Deluxe Edition),2020-12-04,45,2.823583333333333
telepatía,Kali Uchis,Sin Miedo (del Amor y Otros Demonios) ∞,2020-12-04,84,2.66985
What A Shame,Leyla Blue,What A Shame,2020-12-09,61,2.953333333333333
Tequila Shots,Kid Cudi,Man On The Moon III: The Chosen,2020-12-11,67,3.22155
Best Friend (feat. Doja Cat),Saweetie,Best Friend (feat. Doja Cat),2021-01-07,68,2.59805
DARKSIDE,Neoni,DARKSIDE,2021-01-29,57,2.8
"GRAVITY (FEAT. TYLER, THE CREATOR)",Brent Faiyaz,"Gravity (feat. Tyler, The Creator)",2021-01-29,62,3.5782
Pray For Me,The Weeknd,The Highlights,2021-02-05,79,3.5236666666666667
Meet Me on the Battlefield,Nightcore Reality,Battlefield,2021-02-10,38,3.5833333333333335
At My Worst,Pink Sweat$,PINK PLANET,2021-02-12,5,2.8390666666666666
Youngblood,Arc North,Youngblood,2021-03-04,50,3.1386166666666666
Leave The Door Open,Bruno Mars,Leave The Door Open,2021-03-05,6,4.034933333333333
Let Me Love You,EQRIC,Let Me Love You,2021-03-18,5,2.3540833333333335
Bones,Telenova,Bones,2021-03-18,44,4.9241166666666665
Chemtrails Over The Country Club,Lana Del Rey,Chemtrails Over The Country Club,2021-03-19,81,4.5196
Peaches (feat. Daniel Caesar & Giveon),Justin Bieber,Justice,2021-03-19,81,3.30135
Ghost,Justin Bieber,Justice,2021-03-19,85,2.553166666666667
Heat Waves (with iann dior),Glass Animals,Heat Waves (with iann dior),2021-03-25,1,2.921683333333333
What If I Told You That I Love You,Ali Gatie,The Idea Of Her,2021-03-26,66,3.2277833333333334
Mood (feat. iann dior),24kGoldn,El Dorado,2021-03-26,79,2.342216666666667
MONTERO (Call Me By Your Name),Lil Nas X,MONTERO (Call Me By Your Name),2021-03-31,72,2.2979166666666666
Kiss Me More (feat. SZA),Doja Cat,Kiss Me More (feat. SZA),2021-04-09,47,3.4811
Royalty,Egzod,Royalty,2021-04-22,81,3.7253333333333334
Little Do You Know Beat Cry,Yagih Mael,Little Do You Know Beat Cry,2021-05-05,0,2.5677333333333334
Touch It,KiDi,Touch It,2021-05-05,52,2.75
Moral of the Story,Ashe,Ashlyn,2021-05-07,77,3.3502666666666667
Thunder,Gabry Ponte,Thunder,2021-05-07,79,2.6666666666666665
Build a Bitch,Bella Poarch,Build a Bitch,2021-05-14,70,2.0462
everything sucks,vaultboy,everything sucks,2021-05-21,66,1.92335
"jealousy, jealousy",Olivia Rodrigo,SOUR,2021-05-21,83,2.886
good 4 u,Olivia Rodrigo,SOUR,2021-05-21,85,2.9691
happier,Olivia Rodrigo,SOUR,2021-05-21,85,2.9322166666666667
Jalebi Baby (Tesher x Jason Derulo),Tesher,Jalebi Baby (Tesher x Jason Derulo),2021-05-28,68,2.8192333333333335
like my father,Jax,like my father,2021-06-03,63,3.052216666666667
Bezos I,Bo Burnham,Inside (The Songs),2021-06-10,0,0.96915
Fire In My Head,Two Feet,Fire In My Head,2021-06-11,0,3.1449
Memories,Maroon 5,JORDI (Deluxe),2021-06-11,85,3.1581
MEMORIES!,347aidan,TROUBLED MEMORIES!,2021-06-18,70,2.2967666666666666
Woman,Doja Cat,Planet Her,2021-06-25,84,2.8771
Angel With A Shotgun,Ericovich,Angel With A Shotgun,2021-07-13,0,2.328116666666667
"Million To One - from the Amazon Original Movie ""Cinderella""",Camila Cabello,"Million To One (from the Amazon Original Movie ""Cinderella"")",2021-07-21,52,3.3943333333333334
STAY (with Justin Bieber),The Kid LAROI,F*CK LOVE 3: OVER YOU,2021-07-23,13,2.3634166666666667
Who I Am,Anne-Marie,Therapy,2021-07-23,44,2.54155
Don't Go Yet,Camila Cabello,Don't Go Yet,2021-07-23,68,2.7473666666666667
INDUSTRY BABY (feat. Jack Harlow),Lil Nas X,INDUSTRY BABY (feat. Jack Harlow),2021-07-23,76,3.533333333333333
Oxytocin,Billie Eilish,Happier Than Ever,2021-07-30,73,3.5038666666666667
NDA,Billie Eilish,Happier Than Ever,2021-07-30,78,3.2629333333333332
@ my worst,blackbear,@ my worst,2021-08-06,61,3.1894
Beggin' - Remix,HAWK.,Beggin' (Remix),2021-08-13,47,2.3491166666666667
abcdefu,GAYLE,abcdefu,2021-08-13,76,2.810016666666667
I Shot Cupid,Stela Cole,I Shot Cupid,2021-08-19,0,2.7368333333333332
Dandelions - slowed + reverb,Ruth B.,Dandelions (slowed + reverb),2021-08-27,67,4.4786166666666665
Until I Found You,Stephen Sanchez,Until I Found You,2021-09-01,80,2.962
Hourglass,Baby Tate,Hourglass,2021-09-02,33,2.9015333333333335
Medusa,ANN,Medusa,2021-09-03,29,2.912716666666667
aftermath,vaultboy,aftermath,2021-09-03,57,2.7768166666666665
love nwantiti (feat. Dj Yo! & AX'EL) - Remix,CKay,love nwantiti (feat. Dj Yo! & AX'EL) [Remix],2021-09-09,73,3.139466666666667
Toxic,BoyWithUke,Faded,2021-09-10,0,2.800333333333333
In Da Getto,J Balvin,JOSE,2021-09-10,69,2.177766666666667
THATS WHAT I WANT,Lil Nas X,MONTERO,2021-09-17,77,2.39835
24/7,Celina Sharma,CECE,2021-10-08,2,3.0746333333333333
If I Would Have Known,Kyle Hume,If I Would Have Known,2021-10-08,61,2.799516666666667
Face Off,Tech N9ne,ASIN9NE,2021-10-08,64,3.6633666666666667
Summer Rain,Majid Jordan,Wildest Dreams,2021-10-22,45,3.33555
Waves of Blue,Majid Jordan,Wildest Dreams,2021-10-22,56,3.4791
2step,Ed Sheeran,=,2021-10-25,65,2.560433333333333
Enemy (with JID) - from the series Arcane League of Legends,Imagine Dragons,Enemy (with JID) [from the series Arcane League of Legends],2021-10-28,78,2.889683333333333
Snowman - Slowed Down,Sia,Snowman (Slowed Down & Snowed In Remix),2021-10-29,47,3.004583333333333
Miss Wanna Die,JubyPhonic,Miss Wanna Die,2021-11-05,63,3.3939333333333335
Until I Come Home,Two Feet,Until I Come Home,2021-11-19,0,3.26395
"Alone, Pt. II",Alan Walker,World Of Walker,2021-11-26,73,2.9842
Sunroof,Nicky Youre,Sunroof,2021-12-03,13,2.7170833333333335
The Color Violet,Tory Lanez,Alone At Prom,2021-12-10,87,3.7744333333333335
Moth To A Flame (with The Weeknd),Swedish House Mafia,Moth To A Flame,2022-01-03,74,3.9
Don’t Break My Heart,The Weeknd,Dawn FM,2022-01-06,62,3.4244833333333333
Gasoline,The Weeknd,Dawn FM,2022-01-06,69,3.5360833333333335
Less Than Zero,The Weeknd,Dawn FM,2022-01-06,74,3.5302333333333333
Out of Time,The Weeknd,Dawn FM,2022-01-06,77,3.5698833333333333
Numb Little Bug,Em Beihold,Numb Little Bug,2022-01-28,72,2.8206166666666665
Boyfriend,Dove Cameron,Boyfriend,2022-02-11,74,2.55
Heartbeat,Nitecore,Heartbeat,2022-02-25,49,2.459633333333333
Enemy,Arc North,Enemy,2022-03-04,1,2.3333333333333335
Like I Do,J.Tajor,Like I Do,2022-03-04,68,2.4857
Bam Bam (feat. Ed Sheeran),Camila Cabello,Bam Bam (feat. Ed Sheeran),2022-03-04,75,3.4345
Bones,Imagine Dragons,Bones,2022-03-11,77,2.7544
SNAP,Rosa Linn,SNAP,2022-03-19,20,2.9925166666666665
cinderella's dead,EMELINE,cinderella's dead,2022-04-01,70,2.0111
Knight Rider,Alfons,Knight Rider,2022-04-15,0,2.6258833333333333
Te Felicito,Shakira,Te Felicito,2022-04-21,74,2.8705833333333333
The King's Affirmation,Iniko,The King's Affirmation,2022-04-29,64,2.6557333333333335
Peter Pan Was Right,Anson Seabra,Peter Pan Was Right,2022-04-29,65,3.208283333333333
WAIT FOR U (feat. Drake & Tems),Future,I NEVER LIKED YOU,2022-04-29,84,3.1648833333333335
Jiggle Jiggle (with Duke & Jones),Louis Theroux,Jiggle Jiggle (with Duke & Jones),2022-05-13,60,1.6201333333333334
I Ain't Worried,OneRepublic,"I Ain’t Worried (Music From The Motion Picture ""Top Gun: Maverick"")",2022-05-13,84,2.47475
Worst Day Of My Life,Subspace Super Highway,Worst Day Of My Life,2022-05-17,33,2.6501333333333332
As It Was,Harry Styles,Harry's House,2022-05-20,89,2.7883833333333334
Sleepless,AVAION,Sleepless,2022-05-27,75,2.754383333333333
Glimpse of Us,Joji,Glimpse of Us,2022-06-10,36,3.8909333333333334
Angel With a Shotgun,Nightcore Collectives,Best of Nightcore,2022-06-10,50,3.2138333333333335
Maybe My Soulmate Died,iamnotshane,Maybe My Soulmate Died,2022-06-15,0,1.90625
God Is A Girl,Ericovich,God Is A Girl,2022-07-04,0,2.1655166666666665
JACKIE BROWN,Brent Faiyaz,WASTELAND,2022-07-08,73,2.816883333333333
Nonsense,Sabrina Carpenter,emails i can't send,2022-07-15,87,2.7274666666666665
I Was Never There Sped Up,Just Lowkey,I Was Never There Sped Up,2022-07-17,0,3.1019833333333335
Those Eyes - Sped Up,New West,Those Eyes (Alternate Versions),2022-07-20,71,2.7943
Love Lost,Mac Miller,"I Love Life, Thank You",2022-07-22,80,2.714583333333333
One Kiss / I Was Never There,Just Lowkey,One Kiss / I Was Never There,2022-07-24,0,2.8550833333333334
Living Hell,Bella Poarch,Dolls EP,2022-08-12,62,2.9000333333333335
Calm Down (with Selena Gomez),Rema,Calm Down (with Selena Gomez),2022-08-25,82,3.9886166666666667
I'm Good (Blue),David Guetta,I'm Good (Blue),2022-08-26,88,2.9206333333333334
See You Again,Skan,See You Again,2022-08-31,0,2.1393333333333335
New Gold (feat. Tame Impala and Bootie Brown),Gorillaz,New Gold (feat. Tame Impala and Bootie Brown),2022-08-31,63,3.5858166666666667
"Sex, Drugs, Etc (Sped Up)",Xizt,"Sex, Drugs, Etc (Sped Up)",2022-09-12,0,2.7529333333333335
Mary On A Cross (TikTok Version),Divine Deluxe Hitz,Mary On A Cross (TikTok Version),2022-09-13,0,4.0512
Under x I Was Never - Remix,DJ Fronteo,Under x I Was Never,2022-09-14,0,3.3258666666666667
End of Beginning,Djo,DECIDE,2022-09-16,90,2.6540833333333333
Calm Down,DJ Goja,Calm Down,2022-09-19,64,3.034466666666667
golden hour,JVKE,this is what ____ feels like (Vol. 1-4),2022-09-23,79,3.48765
Escapism.,RAYE,Escapism. / The Thrill Is Gone.,2022-10-12,14,4.53955
Midnight Rain,Taylor Swift,Midnights,2022-10-21,76,2.9130333333333334
Made You Look,Meghan Trainor,Takin' It Back,2022-10-21,79,2.2376
Anti-Hero,Taylor Swift,Midnights,2022-10-21,84,3.3448333333333333
i'm yours sped up,Isabel LaRosa,i'm yours,2022-10-28,70,2.1296666666666666
Hotel,Montell Fish,Her Love Still Haunts Me Like a Ghost,2022-10-28,80,3.288883333333333
One-Sided,Saige,One-Sided,2022-11-02,30,3.6408
Unholy,Badscandal,Unholy,2022-11-18,1,2.41405
nuts,Lil Peep,LIVE FOREVER,2022-12-02,2,1.4226666666666667
People,Libianca,People,2022-12-06,79,3.07985
Kill Bill,SZA,SOS,2022-12-08,86,2.5657666666666668
Chandelier,Besomage,Chandelier,2023-01-04,0,2.29565
Medusa,Kaia Jette,Medusa,2023-01-06,43,2.6111833333333334
Flowers,Miley Cyrus,Flowers,2023-01-13,22,3.3409
Renegade (sped up) - Remix,Xanemusic,Renegade (sped up) [Remix],2023-01-18,0,2.80015
Stereo Hearts,EQRIC,Stereo Hearts,2023-01-20,5,2.1869
Ferrari,Cour,Ferrari,2023-01-25,0,2.128
Bloody Mary,Nito-Onna,Bloody Mary,2023-02-10,5,2.096
Lily,ISAEV,Lily,2023-02-24,0,2.5721
Moonlight,Kali Uchis,Moonlight,2023-02-24,77,3.12595
What It Is (Block Boy) (with Kodak Black),Doechii,What It Is (Block Boy) (with Kodak Black),2023-03-17,68,3.722383333333333
Unholy,Mandrazo,Unholy,2023-03-31,17,2.9452333333333334
Flowers,Badscandal,Flowers,2023-04-03,0,3.0645
I’m Blue,B Martin,I’m Blue,2023-04-10,0,2.4375
I’m Blue,B Martin,I’m Blue,2023-04-10,47,2.4375
If We Have Each Other (Always By Her Side) - Sped Up Version,sped up nightcore,If We Have Each Other (Always By Her Side) [Sped Up Version],2023-04-10,55,2.61625
Tourner Dans Le Vide,Badscandal,Tourner Dans Le Vide,2023-05-10,1,2.677416666666667
Daydreaming,NxWorries,Daydreaming,2023-05-18,48,3.1161166666666666
I’m Good,Yohan Gerber,I’m Good,2023-05-19,0,2.376
Say Yes To Heaven,Lana Del Rey,Say Yes To Heaven,2023-05-19,86,3.4859333333333336
Not Fair,Niklas Dee,Not Fair,2023-06-02,74,2.717233333333333
Falling Down,Yellow Pvnk,Falling Down,2023-06-23,0,2.3142833333333335
Tokyo Drift,ZODIVK,Tokyo Drift,2023-06-23,65,2.01665
"One Of The Girls (with JENNIE, Lily Rose Depp)",The Weeknd,The Idol Episode 4 (Music from the HBO Original Series),2023-06-23,93,4.0780666666666665
Hurts Me,Tory Lanez,Hurts Me,2023-06-27,78,2.3466666666666667
Lonely,Yellow Pvnk,Lonely,2023-07-05,0,2.25215
In My Mind,LexMorris,In My Mind,2023-07-21,0,3.0791666666666666
All Night (BeTheMeister Edit),Vanillaz,All Night (BeTheMeister Edit),2023-07-27,30,2.926816666666667
Paint The Town Red,Doja Cat,Paint The Town Red,2023-08-04,81,3.8625
Daddy DJ,Nito-Onna,Daddy DJ,2023-08-16,0,2.4266666666666667
Times,MOHA,Times,2023-08-23,0,3.1421
Single Soon,Selena Gomez,Single Soon,2023-08-25,72,2.8609166666666668
10:35,Harddope,10:35,2023-09-01,0,2.768666666666667
Prisoner,Badscandal,Prisoner,2023-09-08,0,2.5
Numb,Nito-Onna,Numb,2023-09-22,0,3.525
Comforter (Lover of My Soul),7 Hills Worship,Comforter (Lover of My Soul),2023-09-22,39,3.124616666666667
Agora Hills,Doja Cat,Scarlet,2023-09-22,79,4.422666666666666
7 Rings,Badscandal,7 Rings,2023-09-27,0,2.1714166666666666
"Better Off (Alone, Pt. III)",Alan Walker,"Better Off (Alone, Pt. III)",2023-09-28,64,2.528366666666667
I'm Not Sorry,Scity,I'm Not Sorry,2023-10-12,30,2.65815
House Of The Rising Sun,Harddope,House Of The Rising Sun,2023-10-20,0,2.9444333333333335
INSOMNIA,5UNDER,INSOMNIA,2023-10-26,30,2.4154
Car Keys,Nito-Onna,Car Keys,2023-10-27,0,2.1111
Collide,Badscandal,Collide,2023-11-03,0,2.109366666666667
Stumblin' In,CYRIL,Stumblin' In,2023-11-10,86,3.55605
Never Coming Back,Yohan Gerber,Never Coming Back,2023-11-22,0,2.2836833333333333
Thank You (Not So Bad),Dimitri Vegas & Like Mike,Thank You (Not So Bad),2023-12-01,85,2.3333333333333335
Toxic,Badscandal,Toxic,2023-12-08,0,2.34965
"Fire! (feat. YUQI ((G)I-DLE), JVKE)",Alan Walker,"Fire! (feat. YUQI ((G)I-DLE), JVKE)",2023-12-14,64,2.0604
Praise Jah In The Moonlight,YG Marley,Praise Jah In The Moonlight,2023-12-27,78,4.384
Baby Don't Hurt Me,Harddope,Baby Don't Hurt Me,2024-01-05,0,2.2187333333333332
Beautiful Things,Benson Boone,Beautiful Things,2024-01-18,88,3.0050666666666666
Love Tonight,Yellow Pvnk,Love Tonight,2024-01-26,0,2.3175166666666667
Wish You The Best,Mentol,Wish You The Best,2024-01-31,0,3.3354
Maps,LexMorris,Maps,2024-02-02,0,2.36895
Escapism. - 4am Remix,RAYE,Escapism. (4am Remix),2024-02-02,53,3.4757
Strangers,Goodscandal,Strangers,2024-02-07,0,2.28965
Chemical,PACANI,Chemical,2024-02-07,0,1.8434666666666666
Cruel Summer,PACANI,Cruel Summer,2024-02-09,0,2.5541666666666667
Make You Mine,Madison Beer,Make You Mine,2024-02-09,80,3.69515
Unstoppable,Twin,Unstoppable,2024-02-14,0,2.39315
CONTIGO (with Tiësto),KAROL G,CONTIGO (with Tiësto),2024-02-15,77,3.2131
Desire,LØST SIGNAL,Desire,2024-02-16,0,2.5938166666666667
Belong Together,Mark Ambor,Belong Together,2024-02-16,81,2.47195
What It Is,PACANI,What It Is,2024-02-21,0,1.9146666666666667
365,NUUD,365,2024-02-28,0,2.5
Murder,Maria Beyer,Murder,2024-03-01,0,3.1938833333333334
Murder,Maria Beyer,Murder,2024-03-01,36,3.1938833333333334
Strangers,Goodscandal,Strangers,2024-03-06,0,3.0930166666666667
Take Two,SANDICE,Take Two,2024-03-13,33,2.625
i like the way you kiss me,Artemas,i like the way you kiss me,2024-03-19,85,2.3752333333333335
Diamonds,Twin,Diamonds,2024-03-20,0,2.6041666666666665
Stay,Kenya Grace,The After Taste,2024-03-21,44,3.2537333333333334
Are You With Me,Catiso,Are You With Me,2024-03-22,0,2.17885
Whistle,54GODART,Whistle,2024-03-27,36,2.5
Favorite,Isabel LaRosa,Favorite,2024-03-29,79,2.2268
Tattoo,Medusa,Tattoo,2024-04-03,0,2.3812
Single Soon,NUUD,Single Soon,2024-04-05,0,3.3962166666666667
I Don't Wanna Wait,David Guetta,I Don't Wanna Wait,2024-04-05,85,2.49445
Waiting For Love,Medusa,Waiting For Love,2024-04-10,0,2.6252333333333335
I Like It,STICKY KEY,I Like It,2024-04-12,34,2.925333333333333
Espresso,Sabrina Carpenter,Espresso,2024-04-12,90,2.9243166666666665
Other Boys,Capri Everitt,Other Boys,2024-04-17,34,2.002
In My Mind,Nito-Onna,In My Mind,2024-04-19,0,2.5003
Smooth Talker,MANSA,Smooth Talker,2024-04-24,34,3.0114833333333335
Running To You,PRIYANX,Running To You,2024-04-26,30,3.275
Make You Mine,chicago city,Make You Mine,2024-04-26,35,2.950083333333333
Water,Goodscandal,Water,2024-04-29,37,2.5528333333333335
Meltdown,PACANI,Meltdown,2024-05-01,0,1.89565
Addicted To You,Yooniq,Addicted To You,2024-05-02,30,2.368
Heartbreaker,Marco Nobel,Heartbreaker,2024-05-02,33,2.398433333333333
Padam Padam,Ken,Padam Padam,2024-05-03,0,2.1091166666666665
Mockingbird,Tiësto,Mockingbird,2024-05-03,77,2.580633333333333
You & I,CRÜPO,You & I,2024-05-09,37,2.6507833333333335
Greedy,TEZIS,Greedy,2024-05-10,36,1.954
Play,PHURS,Play,2024-05-15,0,2.6414166666666667
Pace Of Time,Max Martis,Pace Of Time,2024-05-17,34,2.7142833333333334
CHIHIRO,Billie Eilish,HIT ME HARD AND SOFT,2024-05-17,90,5.057333333333333
Believe,BIMONTE,Believe,2024-05-22,39,2.0444333333333335
Back To You,Ben Leuman,Back To You,2024-05-24,35,2.3
Crazy What Love Can Do,Goodscandal,Crazy What Love Can Do,2024-05-29,33,2.439016666666667
Heart Dance,Lew Heart,Heart Dance,2024-05-31,32,2.9183666666666666
Feel The Light,Dream Chaos,Feel The Light,2024-06-03,35,2.3113333333333332
Dance Monkey,Goodscandal,Dance Monkey,2024-06-05,37,2.5913
Please Please Please,Sabrina Carpenter,Please Please Please,2024-06-06,86,3.1060833333333333
Spot In Hell,MANSA,Spot In Hell,2024-06-07,33,2.4925333333333333
Spiders,AFROUZEN,Spiders,2024-06-12,33,2.3491833333333334
Around the World (La La La La La),PACANI,Around the World (La La La La La),2024-06-14,35,2.443
You Look Lonely x Resonance - Slowed + Reverb,citrulinq,You Look Lonely x Resonance (Slowed + Reverb),2024-06-14,35,2.7913
Give It To You,Badscandal,Give It To You,2024-06-14,36,2.184833333333333
Make It Feel Like Home,5lowers,Make It Feel Like Home,2024-06-19,35,2.1904666666666666
Make You Mine,PACANI,Make You Mine,2024-06-20,36,2.92685
Get You To The Moon,Twin,Get You To The Moon,2024-06-21,35,2.4065
Forget Him,Rawanne,Forget Him,2024-06-26,31,2.541166666666667
Training Season,PACANI,Training Season,2024-06-27,36,3.4796666666666667
Favourite Song,Eniru,Favourite Song,2024-06-28,37,2.6269833333333334
I Like The Way You Kiss Me,Harddope,I Like the Way You Kiss Me,2024-06-28,62,2.325
Alibi (with Pabllo Vittar & Yseult),Sevdaliza,Alibi (with Pabllo Vittar & Yseult),2024-06-28,83,2.69425
Cupid,TEZIS,Cupid,2024-07-03,36,2.0791666666666666
One Day,54GODART,One Day,2024-07-05,36,2.19105
Dangerous Game,Used,Dangerous Game,2024-07-05,39,2.6666666666666665
Slow It Down,Melodream,Slow It Down,2024-07-17,34,2.1987666666666668
Dreamer,Poylow,Dreamer,2024-07-19,33,2.4180166666666665
I Adore You (feat. Daecolm),HUGEL,I Adore You (feat. Daecolm),2024-07-19,87,3.566666666666667
Sun Goes Down,Magnus Gunn,Sun Goes Down,2024-07-24,31,2.500566666666667
We Collide,Van Snyder,We Collide,2024-07-26,37,1.95235
Walk Away,Lost Sky,Walk Away,2024-07-31,37,3.4901333333333335
Don't Tell Me,Harddope,Don't Tell Me,2024-08-02,33,2.1639333333333335
blue,yung kai,blue,2024-08-02,92,3.5726166666666668
Lovable Killer,KiLLTEQ,Lovable Killer,2024-08-07,47,2.1
Get Out Alive,Corm!!,Get Out Alive,2024-08-09,30,3.4375
Like This,Oleria,Like This,2024-08-09,32,2.578116666666667
Keep Falling,K3YN0T3,Keep Falling,2024-08-09,40,2.5242666666666667
Lay Low,PACANI,Lay Low,2024-08-14,42,2.504
Not Enough,Daniel Bellomo,Not Enough,2024-08-16,31,2.9918666666666667
Fairy,Flame Runner,Fairy,2024-08-19,44,1.45185
Pumped Up Kicks,Dmitrii G,Pumped Up Kicks,2024-08-21,32,2.0937333333333332
Holy - Radio Mix,GYMBRO,Holy,2024-08-23,53,2.567616666666667
Rain Down On Me,5lowers,Rain Down On Me,2024-08-28,32,2.1587
Bad News,Pokaraet,Bad News,2024-08-30,32,2.6475333333333335
I Don’t Wanna Wait,Blvck Cobrv,I Don’t Wanna Wait,2024-09-02,40,2.8923
2AM,5lowers,2AM,2024-09-06,36,1.90475
Selfish Lover,SAMMY & LESEN,Selfish Lover,2024-09-13,33,2.466666666666667
Pieces,KALUMA,Pieces,2024-09-13,34,2.3333333333333335
life force,ptasinski,freedom from self,2024-09-16,79,1.824
Don't Know,Asura Ghai,Don't Know,2024-09-18,32,2.4604833333333334
Feral Bliss,Pop Mage,Feral Bliss,2024-09-20,42,2.6178833333333333
Houston,Jean Dawson,Houston,2024-09-20,42,4.631566666666667
DIRTY LITTLE SECRET,Nessa Barrett,DIRTY LITTLE SECRET,2024-09-20,56,3.5806666666666667
Blinded By Love,We Architects,Blinded By Love,2024-09-27,32,2.11475
Kandy Krush,RezaDead,Kandy Krush,2024-09-30,41,1.5807166666666668
Takeaway,TEZIS,Takeaway,2024-10-02,37,2.1603833333333333
I’m Sure,Alosa,I’m Sure,2024-10-04,35,2.54545
Mad World,54GODART,Mad World,2024-10-11,39,1.9464166666666667
BUTTERFLIES,Isaiah Falls,LUCKY ME,2024-10-11,70,2.7260166666666668
Forget You,54GODART,Forget You,2024-10-16,37,2.2951
Hierarchy,SABRINA G,Hierarchy,2024-10-18,19,2.816666666666667
APT.,ROSÉ,APT.,2024-10-18,96,2.83195
That’s So True,Gracie Abrams,The Secret of Us (Deluxe),2024-10-18,97,2.7716666666666665
Stop The Time,Max Martis,Stop The Time,2024-10-23,36,2.4561333333333333
Used To You,Ocean Roses,Used To You,2024-10-25,34,2.3492
Love The Way You Lie,LexMorris,Love The Way You Lie,2024-10-30,37,2.087266666666667
worst behaviour,kwn,worst behaviour,2024-11-01,30,2.9832
Power,Devinity,Power,2024-11-01,33,2.277633333333333
EVRGRN,Josh Caballes,EXPENSIVE THERAPY,2024-11-06,11,2.57625
Angel,JAYEM,Angel,2024-11-08,34,2.8611833333333334
Follow You,Noizy,Follow You,2024-11-08,79,2.7424333333333335
Diamonds,PHURS,Diamonds,2024-11-13,37,2.5739
In The Air Tonight,Blvck Cobrv,In The Air Tonight,2024-11-15,39,2.97025
Plot Twist,EQRIC,Plot Twist,2024-11-20,37,2.125
Ice Cold,PHARØ,Ice Cold,2024-11-22,36,2.723866666666667
Espresso,Blvck Cobrv,Espresso,2024-11-27,39,2.74285
Good Cry,Bruklin,Good Cry,2024-11-29,36,2.31325
You Don't Own Me,MetaBoy,You Don't Own Me,2024-11-29,37,2.7225333333333332
Whispers In The Night,HXDES,Whispers In The Night,2024-11-29,43,2.1063833333333335
Body,Badscandal,Body,2024-11-29,60,2.466666666666667
Blood Bath,n$vd,Blood Bath,2024-12-04,41,2.461533333333333
Kill Vibe,NO FEELS,Kill Vibe,2024-12-06,35,2.2479
Timelapse,HXPETRAIN,Timelapse,2024-12-06,39,2.1882333333333333
Wolves,Nick Giardino,Wolves,2024-12-11,38,2.44715
Memories,BEATSMASH,Memories,2024-12-13,36,2.8266666666666667
Freaks,TRFN,Freaks,2024-12-13,61,2.01935
In My Bones,TEZIS,In My Bones,2024-12-18,38,2.112
For Me,SouthmadeVelly,For Me,2024-12-20,30,2.5
Goodbye,Blackjack,Goodbye,2024-12-20,37,3.1666666666666665
My Oh My,Blvck Cobrv,My Oh My,2024-12-25,40,2.6422166666666667
Shake - Original Mix,GonSu,Shake,2024-12-27,37,2.9444333333333335
Beg You To Stay,Blue Violets,Beg You To Stay,2025-01-01,37,2.9678166666666668
NE MOGY,SKYXLINER,NE MOGY,2025-01-01,44,2.0387666666666666
Jupiter,nashi,Jupiter,2025-01-03,36,2.0191833333333333
REVAMP,Alban Chela,REVAMP,2025-01-08,37,2.3308666666666666
Holding On,Liam Dakota,Holding On,2025-01-15,37,2.706383333333333
Talk,JAZMYNE,Talk,2025-01-16,28,2.7333333333333334
It’s A Miracle,SAMMY & LESEN,It’s A Miracle,2025-01-17,40,2.0370333333333335
Gravity,MetaBoy,Gravity,2025-01-17,52,2.2
Strings,E S,Strings,2025-01-24,26,2.4463333333333335
FE!N,CryJaxx,FE!N,2025-01-29,51,2.9777666666666667
The Abyss (feat. Lana Del Rey),The Weeknd,Hurry Up Tomorrow,2025-01-31,81,4.71455
Lost,Ridi,Lost,2025-02-07,49,2.908333333333333
I Know You So Well,dnvn,I Know You So Well,2025-02-07,52,2.075
Show Me Love,WizTheMc,Show Me Love,2025-02-07,92,2.9494166666666666
Weekend Lover,Ainae,Weekend Lover,2025-02-13,29,2.4009833333333335
FERRARI FRIGHT,Scythermane,FERRARI FRIGHT,2025-02-17,50,1.4265833333333333
I Adore You,ANRY,I Adore You,2025-02-28,40,2.1307833333333335
OIIA OIIA,Hyper VIPER,OIIA OIIA,2025-03-03,53,2.0785666666666667
Ram Pam Pam,MNA55,Ram Pam Pam,2025-03-05,53,2.8320666666666665
Face to Face (Let Me Love You),Sugar Jesus,Face to Face (Let Me Love You),2025-03-13,54,2.609366666666667
Popular,Lintrepy,Popular,2025-03-14,37,2.25
FREE FUNK,Joinnus,FREE FUNK,2025-03-14,48,1.9571333333333334
Anxiety,Doechii,Alligator Bites Never Heal (Extended),2025-03-14,87,4.155033333333333
Oxygen,Pixia,Oxygen,2025-03-21,30,3.6125
More Than Ever (Umbrella),LEDUC,More Than Ever (Umbrella),2025-03-21,49,3.25
MONTAGEM TOMADA - Slowed,MXZI,MONTAGEM TOMADA,2025-03-21,81,1.4150166666666666
BANGALORE,Cesqeaux,BANGALORE,2025-03-28,40,3.5586166666666665
Boots On The Ground,Dillin Hoox,Boots On The Ground,2025-03-28,44,2.5695166666666664
The Monster,Gaullin,The Monster,2025-03-28,56,2.2903166666666666
ALONE,NEWER,ALONE,2025-04-04,32,3.09375
Where Are You Now,Nick Giardino,Where Are You Now,2025-04-04,37,2.354833333333333
Meet Me Halfway,Sandëro,Meet Me Halfway,2025-04-11,4,2.125183333333333
